{"mean": [1424.0608567097188], "scale": [438.79730388887526]}