{"mean": [12.092009582813334], "scale": [0.6964127543203101]}