{"mean": [12.091728357765453], "scale": [0.6941859425509835]}