{"mean": [1424.2202047728044], "scale": [441.234100287272]}