{"mean": [12.172917647058824], "scale": [0.6843363846352466]}